Item,Q
Total (V=0),2.7644921151495117e8 mol
Vib (V=0),1.0060966305603556
Electronic,3.0
Translational,2.0649102716872527e6 mol
Rotational,44.35608649606392
